ID,Year_Birth,Education,Marital_Status,Income,Kidhome,Teenhome,Response
5524,1957,Bachelor,Single,58138,0,0,1
2174,1954,Bachelor,Single,46344,1,1,0
5324,1981,PhD,Married,58293,1,0,0
6177,1985,PhD,Married,33454,1,0,0
1994,1983,Bachelor,Married,,1,0,0
387,1976,Middle or High school,Married,7500,0,0,0
2569,1987,Bachelor,Married,17323,0,0,0
2114,1946,PhD,Single,82800,0,0,1
9736,1980,Bachelor,Married,41850,1,1,0
6565,1949,Master,Married,76995,0,1,0
2278,1985,Primary School or less,Single,33812,1,0,0
9360,1982,Bachelor,Married,37040,0,0,0
5376,1979,Bachelor,Married,2447,1,0,0
1993,1949,PhD,Married,58607,0,1,0
4047,1954,PhD,Married,65324,0,1,0
7892,1969,Bachelor,Single,18589,0,0,0
2404,1976,Bachelor,Married,53359,1,1,0
5255,1986,Bachelor,Single,,1,0,0
9422,1989,Bachelor,Married,38360,1,0,0
1966,1965,PhD,Married,84618,0,0,0
8755,1946,Master,Married,68657,0,0,0
10738,1951,Master,Single,49389,1,1,0
4339,1970,PhD,Married,67353,0,1,0
10755,1976,Primary School or less,Married,23718,1,0,0
8601,1980,Bachelor,Married,80011,0,1,0
503,1985,Master,Married,20559,1,0,0
7281,1959,PhD,Single,,0,0,0
2139,1975,Master,Married,7500,1,0,0
1371,1976,Bachelor,Single,79941,0,0,0
9909,1996,Primary School or less,Married,7500,0,0,1
7244,1951,Bachelor,Single,,2,1,0
6566,1954,PhD,Married,72550,1,1,0
4114,1964,Master,Married,79143,0,0,0
1331,1977,Bachelor,Single,35790,1,0,0
9381,1978,Bachelor,Married,66373,1,1,0
7437,1988,Bachelor,Single,27938,1,0,0
8557,1982,Bachelor,Single,,1,0,0
8375,1968,PhD,Married,55954,0,1,0
6853,1982,Master,Single,75777,0,0,1
1012,1952,Bachelor,Single,61823,0,1,0
8082,1971,Bachelor,Married,25721,1,0,1
9369,1979,Primary School or less,Single,88194,0,1,1
1402,1954,Master,Married,66991,0,0,0
10629,1973,Primary School or less,Married,,1,0,0
6312,1959,Bachelor,Married,65031,0,1,0
8132,1975,PhD,Married,60631,1,1,0
1050,1952,Bachelor,Married,28332,0,0,0
1859,1972,Master,Married,75251,0,0,1
7503,1976,Bachelor,Single,75825,0,0,1
3332,1985,Bachelor,Single,29760,1,0,0
2261,1969,Bachelor,Married,26304,1,0,0
5346,1973,Primary School or less,Married,23559,1,0,0
5268,1960,Bachelor,Married,29440,1,1,0
273,1970,Master,Married,36138,1,1,0
4452,1957,Bachelor,Single,50388,0,1,1
8504,1973,Bachelor,Married,79593,0,0,0
8996,1957,PhD,Married,,2,1,0
9235,1957,Bachelor,Single,,1,1,0
11178,1972,Master,Single,42394,1,0,0
2230,1970,PhD,Married,23626,1,0,0
7516,1983,Bachelor,Married,30096,1,0,0
4646,1951,Primary School or less,Married,78497,0,0,0
3037,1983,PhD,Married,50150,0,0,0
1473,1960,Primary School or less,Single,47823,0,1,0
1016,1959,PhD,Single,34554,0,1,0
9370,1945,PhD,Married,65846,0,0,0
8908,1959,Bachelor,Married,87195,0,0,1
7533,1964,Bachelor,Married,49096,1,1,0
2683,1969,Bachelor,Married,52413,0,2,0
3629,1978,Bachelor,Single,38557,1,0,0
10991,1960,Master,Married,89058,0,0,0
7431,1991,PhD,Single,68126,0,0,1
999,1991,Bachelor,Single,86037,0,0,1
9215,1980,PhD,Married,43974,1,0,0
2286,1962,Bachelor,Single,50785,1,1,0
1592,1970,Bachelor,Married,90765,0,0,0
367,1978,Primary School or less,Married,36550,1,0,0
6205,1967,Master,Single,32557,1,0,1
8442,1985,Master,Married,19510,2,0,0
7215,1983,Bachelor,Single,101970,0,0,1
11071,1984,Bachelor,Single,79607,0,0,1
3381,1953,Master,Married,54348,1,1,0
8268,1961,PhD,Married,,0,1,0
8026,1952,Bachelor,Married,62998,0,1,0
9597,1969,Bachelor,Married,73448,0,0,0
1295,1963,Bachelor,Married,,0,1,0
5290,1964,PhD,Married,41551,1,1,0
9579,1959,PhD,Married,33762,2,1,0
821,1992,Master,Single,92859,0,0,0
8690,1962,Bachelor,Married,86111,0,0,0
2937,1974,PhD,Single,68352,0,1,0
9949,1976,Bachelor,Married,59809,0,2,0
10837,1975,Bachelor,Married,23957,1,0,1
5885,1973,Primary School or less,Married,35688,2,1,0
4050,1966,Master,Married,49605,0,0,0
3830,1953,Master,Married,59354,0,2,0
7987,1969,Bachelor,Married,65747,0,1,0
3025,1958,Bachelor,Single,49967,0,1,0
9283,1978,Bachelor,Single,60199,1,2,0
2730,1955,Bachelor,Single,80317,0,0,0
2795,1958,Master,Single,30523,2,1,0
9260,1945,PhD,Married,70356,0,0,0
8182,1984,Bachelor,Married,23228,1,0,0
8475,1973,PhD,Married,157243,0,1,0
6637,1988,Bachelor,Single,66951,0,0,0
6460,1982,Bachelor,Married,28718,1,0,0
1349,1970,Bachelor,Married,50447,2,0,0
641,1967,Bachelor,Single,52074,0,1,0
8717,1975,PhD,Married,80427,0,1,0
10314,1948,PhD,Married,83837,0,0,1
10854,1970,PhD,Married,38853,1,1,0
6935,1951,Primary School or less,Married,78497,0,0,0
7698,1976,PhD,Married,51650,0,1,0
3559,1988,Primary School or less,Married,16248,1,0,0
10562,1946,Master,Married,66835,0,0,0
10796,1984,Master,Married,30477,1,0,0
2563,1961,Middle or High school,Married,28249,0,0,0
3518,1983,Bachelor,Married,25271,1,0,0
5823,1970,PhD,Single,32303,0,1,0
3934,1966,Bachelor,Married,61286,0,1,0
6982,1976,Bachelor,Married,74068,0,0,0
6431,1964,PhD,Married,45759,1,1,0
1324,1988,Bachelor,Married,38872,1,0,0
326,1973,Bachelor,Married,51148,1,1,0
7224,1977,Bachelor,Married,31353,1,1,0
6999,1980,Master,Married,69661,0,0,0
9938,1954,Bachelor,Married,80067,0,0,0
6422,1954,Bachelor,Married,86718,0,0,0
3182,1973,PhD,Single,46854,1,1,1
10424,1968,Bachelor,Single,75922,0,0,0
1030,1965,PhD,Single,40637,1,1,0
624,1984,Master,Single,18890,0,0,1
868,1966,Bachelor,Married,44794,0,1,0
6927,1968,PhD,Married,44377,1,1,0
0,1985,Bachelor,Married,70951,0,0,0
1584,1977,Bachelor,Married,41443,1,0,0
7264,1978,Primary School or less,Single,52195,2,1,0
6274,1948,Master,Married,83790,0,0,0
2075,1969,Bachelor,Married,72460,0,0,0
9076,1980,PhD,Married,30732,1,0,0
460,1972,PhD,Married,79930,0,0,0
6798,1966,Bachelor,Single,37070,1,1,1
9617,1951,Bachelor,Single,15033,0,0,0
3233,1965,PhD,Married,62745,0,1,0
89,1975,Primary School or less,Married,22212,1,0,0
9449,1958,PhD,Single,79761,0,1,0
7297,1973,Bachelor,Single,7500,1,0,0
11004,1893,Primary School or less,Single,60182,0,1,0
10735,1971,Bachelor,Single,22804,1,0,0
9529,1990,Bachelor,Married,73687,0,0,1
6439,1958,Bachelor,Married,61074,0,1,0
7411,1964,PhD,Married,31686,1,1,0
2176,1972,Bachelor,Married,80134,1,0,1
9265,1953,Bachelor,Married,75027,0,1,0
8867,1988,PhD,Married,67546,0,0,0
10236,1975,Master,Single,31160,1,0,0
6340,1985,Bachelor,Single,29938,1,0,0
5304,1974,PhD,Single,30899,1,0,0
3406,1964,Bachelor,Single,45989,0,1,0
2661,1964,Bachelor,Single,18701,1,1,0
3153,1957,PhD,Single,40737,2,1,0
4200,1970,Master,Married,44159,1,0,0
9396,1978,PhD,Married,37717,1,0,0
6690,1966,Master,Married,38179,1,1,0
1225,1963,Bachelor,Married,80124,0,0,0
9703,1970,PhD,Married,38097,1,1,1
291,1970,Bachelor,Married,72940,0,0,0
2379,1953,Bachelor,Single,69267,0,0,1
5726,1983,Master,Single,31788,1,0,0
6336,1960,Bachelor,Married,29315,1,1,0
3445,1956,Bachelor,Single,60714,0,0,1
3762,1986,PhD,Single,69867,0,0,1
4669,1981,Middle or High school,Married,24480,1,0,0
8962,1975,Master,Married,44319,1,1,0
9974,1974,Bachelor,Married,30631,1,0,0
4543,1980,Bachelor,Married,82497,0,0,0
7119,1982,Bachelor,Single,68627,0,0,0
10812,1978,PhD,Married,46377,1,0,0
1717,1988,Bachelor,Single,39747,1,0,0
9274,1961,Master,Married,80950,0,0,0
6963,1947,Bachelor,Single,77457,0,0,0
4440,1964,Master,Married,64100,0,1,0
2826,1967,Bachelor,Married,22574,2,1,0
2437,1989,Bachelor,Married,,0,0,0
6320,1976,Master,Single,70893,0,0,0
3050,1966,Bachelor,Married,54198,1,1,0
2392,1972,Bachelor,Married,40321,1,1,0
9478,1985,Bachelor,Single,66503,1,0,0
113,1951,Bachelor,Married,30833,1,1,0
2863,1970,Bachelor,Single,,1,2,0
1802,1971,Bachelor,Married,64795,0,1,0
520,1974,Bachelor,Married,34421,1,0,0
2607,1953,Bachelor,Single,40464,0,1,0
7214,1957,Bachelor,Married,62187,0,0,0
3896,1984,Bachelor,Married,27255,1,0,0
10350,1950,PhD,Married,54432,2,1,0
7786,1986,PhD,Single,29999,1,0,0
2861,1983,Bachelor,Single,24072,1,0,0
663,1989,PhD,Single,33996,0,0,0
10675,1956,PhD,Married,66334,0,1,1
2521,1971,Master,Married,35178,1,0,1
4099,1972,Bachelor,Married,30675,1,0,0
10172,1988,Bachelor,Single,68655,0,0,0
9707,1969,PhD,Married,55212,0,1,0
8553,1965,Bachelor,Married,44300,1,1,0
11030,1976,Master,Married,33181,1,0,0
2579,1957,Bachelor,Married,71113,0,1,0
175,1986,Bachelor,Married,71952,1,0,0
9185,1966,PhD,Single,69759,0,0,1
11056,1974,Bachelor,Married,72099,0,0,0
9365,1976,PhD,Single,60000,0,1,0
6201,1978,Bachelor,Single,38643,1,1,0
2061,1955,Bachelor,Married,50737,0,1,0
6184,1969,PhD,Married,68462,0,0,0
6142,1943,Master,Married,65073,0,0,0
7274,1957,Bachelor,Married,78618,0,0,0
2958,1978,Bachelor,Married,28442,2,0,0
933,1978,PhD,Married,37717,1,0,0
5837,1967,Bachelor,Married,51479,1,1,0
10704,1969,Bachelor,Single,54803,0,1,0
5125,1960,Bachelor,Married,79530,0,0,0
2928,1975,PhD,Single,52614,0,1,0
5680,1984,Primary School or less,Married,35684,1,0,0
10313,1975,Bachelor,Married,48178,1,1,0
2557,1970,Master,Single,29548,1,0,0
1245,1966,Bachelor,Single,63810,0,1,0
1519,1972,PhD,Single,38578,1,1,1
10703,1975,Master,Single,46098,1,1,0
1726,1970,Bachelor,Single,22585,0,0,1
4459,1989,Bachelor,Single,30279,1,0,0
1517,1969,Bachelor,Single,30822,1,0,0
2098,1969,PhD,Married,33581,2,0,0
9543,1985,Bachelor,Married,19986,1,0,0
3310,1973,Primary School or less,Married,35688,2,1,0
2724,1981,Master,Single,36143,1,0,0
948,1971,Bachelor,Single,10245,1,0,0
2669,1993,Bachelor,Single,74293,0,0,0
455,1946,PhD,Married,51012,0,0,0
7683,1968,Master,Married,70777,0,1,0
7414,1971,Bachelor,Married,43824,1,1,0
798,1987,Bachelor,Single,23442,1,0,0
7617,1974,Bachelor,Single,42373,1,1,0
2552,1955,PhD,Single,55521,1,2,1
194,1965,Bachelor,Married,48006,1,1,0
3645,1972,PhD,Single,27213,1,0,1
9973,1963,Bachelor,Married,50437,0,2,0
7301,1982,Primary School or less,Single,23616,1,0,1
10882,1976,Bachelor,Married,53858,0,1,0
7030,1955,PhD,Married,66465,0,1,0
7422,1987,Bachelor,Single,46923,1,0,0
7106,1943,PhD,Married,75865,0,0,0
4216,1981,Bachelor,Single,91065,0,0,1
8581,1971,Master,Married,49505,1,1,0
5929,1973,PhD,Married,37401,1,0,0
3129,1983,Bachelor,Married,30096,1,0,0
1361,1974,Master,Married,82584,0,0,1
6932,1941,PhD,Married,93027,0,0,0
7284,1953,Bachelor,Married,48686,1,2,0
1340,1986,Bachelor,Married,92910,0,0,0
8746,1989,Bachelor,Married,75433,1,0,0
3767,1968,Bachelor,Married,61314,0,1,0
3725,1961,PhD,Single,84865,0,0,1
4324,1989,Bachelor,Married,42387,1,0,0
6694,1964,Bachelor,Married,75236,0,1,0
498,1970,Bachelor,Single,30015,1,0,0
5455,1971,PhD,Married,32011,1,0,0
456,1986,Primary School or less,Married,7500,1,0,0
5012,1989,Bachelor,Married,28691,1,0,0
7495,1948,PhD,Married,56223,0,1,0
5029,1946,Bachelor,Married,18100,0,0,0
10642,1989,Bachelor,Single,30279,1,0,0
2106,1974,Primary School or less,Married,20130,0,0,0
1137,1964,Bachelor,Single,81246,0,0,0
2541,1976,Bachelor,Married,24027,1,0,0
1142,1953,PhD,Married,55707,0,1,0
2276,1955,Bachelor,Single,57959,0,1,0
2807,1969,Bachelor,Married,56796,0,1,0
6471,1971,Master,Single,36230,1,0,0
6131,1980,Primary School or less,Married,70829,1,1,0
6233,1976,Bachelor,Married,65991,0,1,0
4148,1972,Bachelor,Married,38988,1,2,0
4947,1966,Primary School or less,Single,89572,0,0,1
3225,1984,Master,Married,42207,1,0,1
7540,1952,Bachelor,Married,50300,0,1,0
1992,1964,Bachelor,Married,60597,0,1,1
7059,1963,Bachelor,Married,80124,0,0,0
2815,1975,Bachelor,Married,33183,1,0,0
2416,1969,PhD,Single,66582,0,0,0
9697,1951,Bachelor,Married,53790,0,2,0
2021,1975,Bachelor,Married,61456,0,1,0
1581,1980,Bachelor,Married,37406,1,0,1
6619,1978,Bachelor,Married,38415,1,1,0
9081,1988,Bachelor,Single,20518,1,0,0
178,1956,Bachelor,Married,62503,0,1,0
916,1972,PhD,Single,41644,1,1,0
5512,1977,Master,Married,55842,0,1,0
8970,1972,PhD,Married,62010,0,1,0
10581,1977,Bachelor,Married,41124,1,0,0
5300,1973,Master,Married,38961,1,0,0
8346,1974,Bachelor,Single,32233,1,0,1
1676,1975,Bachelor,Married,43057,0,1,0
5562,1974,Bachelor,Married,60093,0,1,0
3436,1969,Bachelor,Married,14045,1,0,0
9426,1964,Master,Single,58308,0,1,0
466,1944,Bachelor,Married,65275,0,0,0
8151,1990,Middle or High school,Married,24279,0,0,0
5140,1985,PhD,Married,64355,1,0,0
10584,1976,Bachelor,Married,65665,0,1,0
6071,1989,Bachelor,Single,81217,0,0,0
3386,1992,Bachelor,Married,34935,0,0,0
4320,1979,Bachelor,Single,60152,0,1,0
5389,1964,Bachelor,Married,48920,0,2,0
203,1975,Master,Single,81169,0,0,0
11025,1961,Bachelor,Married,36443,1,1,0
10203,1990,Bachelor,Single,26095,1,0,0
3711,1944,Master,Married,80184,0,0,0
2532,1987,Master,Single,73454,0,0,0
9214,1991,Bachelor,Married,42691,0,0,0
4943,1953,Bachelor,Married,70503,0,0,0
35,1987,Bachelor,Married,25545,1,0,1
2258,1986,Bachelor,Married,32880,1,0,0
713,1977,Master,Married,50353,0,0,0
4702,1964,Bachelor,Single,61839,0,0,0
3281,1960,PhD,Married,49154,1,1,0
2004,1969,Bachelor,Single,72679,0,1,0
4437,1962,Bachelor,Married,65316,1,1,0
8724,1982,Bachelor,Single,28567,1,0,0
304,1981,Master,Single,22944,1,0,0
5036,1984,PhD,Single,42710,1,0,0
5547,1982,PhD,Married,84169,0,0,1
8541,1990,Primary School or less,Married,24683,1,0,0
4368,1980,Bachelor,Married,47850,1,0,0
9671,1968,Bachelor,Married,19514,1,1,1
2256,1973,Master,Married,27159,1,1,0
4279,1963,Primary School or less,Single,39548,1,1,0
5371,1989,Bachelor,Single,21474,1,0,1
9240,1971,PhD,Single,60504,0,1,0
9460,1963,Bachelor,Married,22419,0,0,0
9504,1949,Master,Married,81698,0,0,1
448,1978,PhD,Single,54880,1,0,0
8314,1982,Bachelor,Married,79908,0,0,0
8420,1970,Primary School or less,Married,15315,0,0,0
7685,1978,Bachelor,Married,33039,1,0,0
3179,1980,Bachelor,Single,81741,0,0,0
10681,1970,Primary School or less,Married,62466,0,1,0
9120,1962,Bachelor,Single,66565,0,1,0
10381,1979,Bachelor,Single,47691,0,1,0
6818,1974,Bachelor,Married,44989,0,1,0
3526,1968,PhD,Married,38443,1,1,0
8181,1978,Primary School or less,Single,38593,1,0,0
7369,1981,Master,Married,36959,1,0,0
2574,1977,PhD,Married,61996,0,1,1
8159,1968,Bachelor,Married,51287,1,1,0
1160,1970,Bachelor,Married,13260,1,1,0
5966,1974,PhD,Married,45207,1,1,0
5123,1951,Master,Married,27450,0,0,0
5057,1961,Master,Married,61794,0,1,0
3710,1984,PhD,Single,39684,1,0,1
7627,1975,Master,Married,92163,0,0,1
4501,1965,Master,Single,69882,0,0,0
3075,1972,PhD,Married,59973,0,0,0
7444,1969,Master,Married,42169,1,1,0
6919,1978,Primary School or less,Married,26224,1,0,0
10277,1961,Bachelor,Single,30081,0,1,0
7972,1955,Bachelor,Single,72906,0,0,0
895,1948,PhD,Married,61467,0,2,0
7141,1986,Master,Single,21888,1,0,1
2457,1975,Middle or High school,Married,30801,0,1,0
988,1965,Bachelor,Married,81168,0,0,0
7930,1969,Master,Single,26877,0,0,0
6682,1973,Middle or High school,Married,18978,1,0,0
6222,1967,Bachelor,Married,22574,2,1,0
10299,1969,PhD,Single,48240,0,0,1
3083,1974,Bachelor,Married,45837,1,1,0
8953,1965,Master,Single,35791,2,1,0
10862,1960,Master,Married,30522,0,1,0
2782,1961,PhD,Married,54456,0,1,0
6941,1971,Bachelor,Single,31632,0,0,0
10708,1978,Primary School or less,Single,36975,1,0,0
6583,1955,Primary School or less,Married,72635,0,0,0
3641,1976,Bachelor,Married,13624,1,0,0
10156,1975,Bachelor,Single,84196,0,1,0
5063,1977,Bachelor,Single,28769,1,0,0
10727,1970,PhD,Married,69084,1,0,0
5156,1970,Primary School or less,Married,62466,0,1,0
4376,1960,Primary School or less,Single,32218,0,0,1
8923,1973,Bachelor,Single,83917,0,0,1
6945,1952,Bachelor,Single,84574,0,0,0
944,1962,Bachelor,Married,56181,0,1,0
701,1971,Bachelor,Married,73691,0,1,0
2942,1964,Bachelor,Single,45906,0,1,0
4381,1971,PhD,Married,46463,1,1,0
4679,1977,Master,Married,78710,0,1,0
4248,1960,Master,Single,98777,0,0,0
6661,1974,Bachelor,Married,67445,0,1,0
6940,1966,PhD,Single,46734,1,2,0
7093,1985,Bachelor,Married,19986,1,0,0
1777,1980,Middle or High school,Married,25965,0,0,0
10826,1959,Bachelor,Married,18690,0,0,0
1987,1987,Middle or High school,Single,21063,1,0,0
11007,1968,PhD,Married,29187,1,0,0
7426,1971,Primary School or less,Married,54690,1,1,0
9153,1964,PhD,Married,59304,0,1,0
10379,1962,Master,Single,59247,0,2,0
3197,1980,Bachelor,Married,77353,0,1,0
2920,1975,PhD,Single,52614,0,1,0
6961,1974,Bachelor,Married,26751,2,0,0
4673,1963,PhD,Married,81300,0,1,1
9937,1979,Bachelor,Single,70337,0,0,0
8779,1985,Primary School or less,Married,36145,1,0,1
9596,1980,PhD,Single,65295,0,0,0
9826,1972,PhD,Single,86857,0,0,1
1501,1982,PhD,Married,160803,0,0,0
143,1970,Bachelor,Single,61209,0,0,0
9239,1961,Master,Married,61923,0,2,0
8315,1995,Bachelor,Single,34824,0,0,0
2868,1949,PhD,Single,26518,1,1,1
10888,1961,Bachelor,Single,45938,0,0,0
10196,1978,Bachelor,Married,71427,2,0,0
8029,1988,Master,Single,90247,0,0,1
6988,1986,Bachelor,Married,71952,1,0,0
4301,1971,Master,Married,35178,1,0,1
1940,1986,Bachelor,Married,25252,1,0,0
1272,1965,Master,Single,55250,0,1,0
1388,1975,Bachelor,Single,33249,1,0,0
10479,1975,PhD,Married,76618,0,0,0
1463,1958,Bachelor,Single,45160,1,1,0
5114,1965,Master,Married,74806,0,1,0
4990,1954,Bachelor,Married,59111,0,0,0
4329,1984,PhD,Married,18988,1,0,0
10936,1965,Bachelor,Married,72190,0,0,0
4692,1976,Bachelor,Married,7500,1,0,1
7212,1966,Bachelor,Married,44794,0,1,0
6086,1955,Bachelor,Married,80395,0,0,0
11171,1965,Master,Married,56962,2,1,0
9384,1978,Bachelor,Married,66373,1,1,0
7875,1949,Bachelor,Married,72025,0,0,1
7072,1973,Bachelor,Married,67432,0,1,0
6516,1989,Middle or High school,Married,17487,1,0,0
5682,1953,PhD,Single,64108,0,1,0
5237,1950,PhD,Single,48767,1,2,0
5278,1964,Bachelor,Married,82224,0,0,0
7235,1975,Primary School or less,Married,17003,1,0,0
10548,1995,Bachelor,Single,71163,0,0,0
2281,1970,Bachelor,Single,33697,1,0,0
4073,1954,Primary School or less,Married,63564,0,0,1
3667,1969,Bachelor,Married,80952,0,0,1
5909,1964,Bachelor,Married,58512,0,1,0
10470,1979,Master,Married,40662,1,0,0
6488,1959,PhD,Married,38829,0,1,0
10270,1981,Primary School or less,Married,35523,1,0,0
6887,1967,Bachelor,Single,79146,1,1,0
6406,1988,Master,Married,78285,0,0,0
7573,1978,PhD,Single,31626,1,0,1
4508,1952,Bachelor,Single,75127,0,0,0
221,1955,Bachelor,Married,48726,0,1,0
5331,1977,Bachelor,Married,74985,0,0,0
20,1965,Primary School or less,Married,46891,0,1,0
8786,1956,Master,Married,62058,0,1,0
10582,1979,Bachelor,Married,72063,0,1,0
1915,1951,PhD,Married,78939,0,0,0
8897,1965,Bachelor,Single,42720,1,1,1
2371,1972,Bachelor,Married,33622,1,1,0
1072,1965,PhD,Single,40760,0,1,0
2461,1955,Master,Single,51124,1,1,0
10736,1971,Bachelor,Single,72258,0,1,0
3194,1974,PhD,Single,71466,0,0,0
49,1970,Bachelor,Single,20587,1,0,0
4290,1972,Bachelor,Married,30467,1,0,0
4211,1986,Middle or High school,Married,20425,1,0,0
10846,1978,Master,Married,43783,1,0,0
10446,1957,PhD,Married,82017,0,0,1
3479,1950,Bachelor,Single,16813,0,0,0
11075,1978,Bachelor,Married,51267,1,1,0
4442,1961,Bachelor,Single,46524,0,1,0
199,1962,Master,Single,45183,0,0,0
6722,1954,PhD,Married,70421,0,1,0
8523,1968,Bachelor,Married,19329,1,0,0
310,1970,Master,Married,61872,0,1,0
236,1951,Bachelor,Married,34838,1,1,0
9930,1944,PhD,Single,82716,0,0,0
3483,1958,Bachelor,Married,48192,0,0,1
4599,1976,Master,Married,49681,0,2,0
7326,1971,Master,Married,56850,0,1,0
7352,1957,Bachelor,Married,55267,0,1,0
2350,1972,Bachelor,Married,59666,1,1,0
9145,1972,Bachelor,Single,72504,0,1,0
2964,1981,Bachelor,Married,26872,0,0,0
5585,1972,Bachelor,Single,21359,1,0,1
9687,1975,Bachelor,Single,73170,0,0,0
3732,1955,Master,Married,52750,0,1,0
2986,1976,Bachelor,Married,30772,1,1,0
7462,1954,Bachelor,Single,22507,0,0,0
3900,1972,Bachelor,Married,65685,0,1,0
7034,1978,Primary School or less,Married,25804,1,0,0
9493,1980,PhD,Single,76412,0,0,1
1143,1972,Bachelor,Married,22063,1,0,0
1,1961,Bachelor,Single,57091,0,0,1
3855,1963,Bachelor,Married,22419,0,0,0
9499,1954,Bachelor,Married,93404,1,2,0
8560,1992,Bachelor,Single,48789,0,0,0
10402,1967,Bachelor,Married,35441,1,1,0
9904,1956,Bachelor,Married,71391,0,1,0
6141,1972,Master,Single,49494,1,0,0
10856,1980,Primary School or less,Single,45889,0,1,0
5121,1977,Bachelor,Single,56628,0,1,0
368,1974,Bachelor,Married,40049,0,1,0
3312,1988,Bachelor,Single,34176,1,0,0
11121,1981,Bachelor,Married,19419,1,0,0
5332,1960,Primary School or less,Married,82504,0,0,0
10343,1991,Primary School or less,Single,61618,0,0,0
5935,1956,Master,Single,55284,0,1,0
2895,1963,Bachelor,Single,49980,0,1,0
10262,1980,Bachelor,Married,15072,2,0,0
7848,1974,Bachelor,Single,49166,0,1,0
9477,1954,PhD,Married,65324,0,1,0
4856,1957,Primary School or less,Married,82347,0,0,0
5794,1974,PhD,Married,46374,0,1,1
1456,1979,Bachelor,Single,60474,0,1,0
4877,1973,Master,Married,38576,0,1,0
425,1985,Bachelor,Married,55357,2,0,0
1031,1989,Primary School or less,Married,85710,0,0,0
9553,1987,Bachelor,Married,7500,0,0,0
4120,1975,Primary School or less,Single,49514,1,0,0
115,1966,Master,Single,43456,0,1,0
4259,1986,Master,Single,19485,2,0,0
9353,1959,Bachelor,Single,62450,0,1,0
738,1981,Primary School or less,Single,42395,1,1,0
10602,1983,Bachelor,Married,39922,1,0,0
1446,1956,Master,Single,86424,0,0,0
8443,1972,Bachelor,Single,24762,1,0,1
9653,1975,Bachelor,Married,35797,0,1,0
8017,1981,Primary School or less,Married,51111,1,1,0
5830,1972,PhD,Single,86857,0,0,1
7023,1953,PhD,Single,46231,2,1,0
8086,1959,Bachelor,Married,42243,1,1,0
2930,1978,Master,Single,68092,0,0,0
1928,1973,Bachelor,Married,31814,1,0,0
10925,1983,Bachelor,Married,76630,0,0,0
9960,1991,Middle or High school,Single,26868,1,0,0
9224,1972,PhD,Single,55260,0,1,0
7037,1974,PhD,Married,37087,1,0,0
8624,1958,Bachelor,Married,81320,0,0,0
11074,1977,Bachelor,Single,85072,0,0,0
10150,1961,Bachelor,Single,86429,0,0,1
9485,1986,PhD,Married,45921,0,0,0
7053,1966,PhD,Single,78420,0,0,0
1048,1972,Master,Married,35641,1,0,1
10619,1994,Bachelor,Single,95529,0,0,1
9308,1954,Bachelor,Married,62820,0,0,0
8362,1982,PhD,Married,84169,0,0,1
2625,1954,Primary School or less,Single,42607,0,1,0
4637,1954,PhD,Single,74637,0,0,0
4483,1993,Bachelor,Single,72354,0,0,0
4487,1969,Master,Single,39858,1,0,1
4988,1948,PhD,Married,34469,1,1,0
2008,1978,Bachelor,Married,77583,0,0,0
3139,1982,Primary School or less,Single,74116,0,0,0
10037,1993,Bachelor,Single,74293,0,0,0
10673,1976,PhD,Married,68397,0,1,0
538,1989,Bachelor,Single,46107,1,0,0
7922,1951,PhD,Single,64950,0,1,0
5692,1989,Middle or High school,Married,25443,1,0,0
4843,1952,Bachelor,Single,75127,0,0,0
1204,1970,PhD,Married,67536,0,1,0
3673,1971,Bachelor,Single,55239,0,1,0
8957,1952,Primary School or less,Single,64831,1,1,0
8700,1986,Middle or High school,Single,14906,0,0,0
3202,1987,PhD,Married,51563,0,0,0
1328,1982,Primary School or less,Married,57937,0,1,0
5048,1971,PhD,Single,42767,2,0,0
10031,1976,PhD,Married,16927,1,1,0
5748,1965,Bachelor,Married,59754,0,1,1
2134,1952,Bachelor,Single,53700,0,1,0
1523,1973,Bachelor,Married,59041,1,1,0
3635,1962,PhD,Single,52597,0,1,0
2456,1975,PhD,Married,40233,0,1,0
5633,1980,Bachelor,Married,50183,1,1,0
10489,1973,Bachelor,Married,92955,0,0,1
7011,1973,Bachelor,Married,33471,1,0,0
2620,1974,PhD,Married,34596,1,0,1
10981,1988,Bachelor,Married,84219,0,0,0
10995,1988,Primary School or less,Married,15716,1,0,0
10286,1962,Bachelor,Married,83715,0,0,0
1600,1965,Master,Married,56962,2,1,0
3308,1952,Bachelor,Married,35704,1,1,0
5718,1950,Bachelor,Married,80763,0,0,1
6872,1974,PhD,Married,65352,0,1,0
8164,1978,PhD,Married,82170,0,0,0
4580,1969,Bachelor,Married,75759,0,0,1
9305,1976,Primary School or less,Single,79689,0,0,0
9850,1972,Primary School or less,Married,24884,1,0,0
7646,1989,Bachelor,Single,64449,1,0,0
5184,1995,Bachelor,Single,34824,0,0,0
1212,1973,Bachelor,Married,52845,1,0,0
7962,1987,PhD,Single,95169,0,0,1
9984,1981,Primary School or less,Married,56337,1,1,1
6374,1954,PhD,Married,36930,0,1,0
7453,1954,Bachelor,Single,36130,0,1,1
8952,1953,Master,Married,65569,0,1,0
8975,1968,Bachelor,Married,19514,1,1,0
6119,1963,PhD,Single,36736,1,1,0
1710,1978,Bachelor,Single,30168,1,0,0
5313,1971,Master,Married,38196,1,1,0
10634,1951,Master,Married,59412,0,0,0
7010,1965,Primary School or less,Married,70924,0,0,0
3158,1973,Bachelor,Married,32300,1,0,0
4436,1976,Bachelor,Single,20180,0,0,0
5287,1973,Bachelor,Married,34961,1,0,0
4240,1978,Bachelor,Married,17345,1,0,0
8911,1967,PhD,Married,56320,0,1,0
3706,1978,Bachelor,Single,28647,1,0,1
3628,1987,Middle or High school,Single,15038,1,0,0
9220,1971,Bachelor,Single,91700,0,0,1
5263,1977,Primary School or less,Married,31056,1,0,0
1020,1973,Bachelor,Married,79593,0,0,0
9503,1980,Bachelor,Single,28071,0,0,0
67,1972,Master,Single,46423,1,1,0
6019,1971,PhD,Married,37126,1,0,1
5863,1953,Bachelor,Married,47703,0,1,0
3717,1959,Bachelor,Married,61180,0,1,0
6730,1954,Bachelor,Married,38998,1,1,0
10749,1991,Bachelor,Single,8028,0,0,0
5985,1965,Master,Single,33168,0,1,0
4754,1966,Master,Married,33585,0,1,0
4002,1960,PhD,Married,77037,0,1,0
966,1966,Bachelor,Married,44529,0,1,0
4767,1965,Primary School or less,Married,70924,0,0,0
4475,1949,PhD,Married,69098,0,0,0
5731,1983,Master,Married,27100,1,0,0
7290,1985,Bachelor,Single,70596,0,0,0
3846,1974,Bachelor,Married,42557,0,1,0
8104,1951,PhD,Married,53312,0,0,0
4507,1952,Bachelor,Single,72228,0,0,0
4491,1949,Master,Married,62845,1,1,0
1162,1987,PhD,Single,42000,0,0,1
10766,1964,PhD,Married,65526,0,1,0
4415,1961,Bachelor,Married,16860,1,1,0
3005,1992,Bachelor,Single,83528,0,0,1
2875,1978,Bachelor,Married,67023,0,0,0
9197,1953,Bachelor,Married,39722,0,1,0
4207,1981,PhD,Married,87171,0,0,0
10855,1968,Master,Single,50014,1,0,0
3081,1978,PhD,Married,41014,1,0,0
3535,1965,Bachelor,Single,66294,0,0,0
247,1971,Bachelor,Married,36715,1,0,1
8707,1956,Bachelor,Married,79456,0,0,1
6072,1970,Master,Single,75345,0,0,1
6295,1977,Bachelor,Married,54233,0,1,0
10914,1970,Bachelor,Single,24163,1,1,0
7348,1958,PhD,Single,71691,0,0,1
1127,1973,PhD,Married,85844,0,0,0
1833,1974,PhD,Single,39190,1,0,0
9080,1972,PhD,Single,38578,1,1,0
6466,1965,PhD,Married,57236,1,1,0
9964,1979,Bachelor,Single,61825,0,1,0
10245,1986,Primary School or less,Single,80910,0,0,0
6001,1979,Bachelor,Married,56775,0,1,0
10552,1979,Primary School or less,Married,54210,0,1,0
1545,1986,Bachelor,Married,38508,1,0,0
4444,1972,Bachelor,Married,30023,1,0,0
146,1960,PhD,Single,76045,0,0,0
6271,1952,PhD,Married,50870,0,1,0
10065,1970,Primary School or less,Married,15315,0,0,0
4741,1974,Primary School or less,Married,65463,1,0,0
246,1965,Bachelor,Married,66480,1,1,0
1524,1983,Primary School or less,Single,81698,0,0,1
10022,1973,PhD,Single,54466,1,1,0
7451,1960,Master,Single,98777,0,0,0
11010,1984,PhD,Single,16269,1,0,0
3885,1983,PhD,Married,33569,1,0,1
1175,1983,Master,Married,36262,0,0,1
2320,1978,Primary School or less,Married,47025,0,1,0
850,1968,Bachelor,Single,70566,0,1,0
4713,1979,PhD,Married,31605,1,0,0
5025,1979,Bachelor,Single,48526,1,0,0
2308,1954,Bachelor,Married,46734,0,1,0
6749,1966,Bachelor,Single,86358,1,1,0
8977,1985,Middle or High school,Single,16581,0,0,0
3412,1951,Master,Married,67381,0,1,0
606,1967,Bachelor,Single,25930,1,1,0
5961,1978,Bachelor,Married,42693,1,0,0
2894,1985,Bachelor,Single,72903,0,0,1
10542,1968,PhD,Married,36778,1,1,0
11166,1961,Bachelor,Married,49678,0,1,0
523,1989,Bachelor,Married,37155,1,0,0
8414,1962,PhD,Single,33419,0,1,0
7755,1954,PhD,Married,57744,0,1,0
10525,1986,Bachelor,Single,26576,1,0,1
10710,1979,Bachelor,Married,7500,0,1,0
2613,1960,Master,Married,54197,0,1,0
213,1963,PhD,Single,23091,1,1,0
967,1976,Bachelor,Married,46049,1,1,1
7959,1961,Bachelor,Married,79410,0,0,0
640,1951,Bachelor,Married,57304,0,1,0
4252,1965,Bachelor,Married,44375,0,1,0
6218,1965,Bachelor,Married,59594,0,1,0
5922,1974,PhD,Married,40344,0,1,0
3598,1972,Bachelor,Married,62710,0,1,0
6116,1968,Primary School or less,Married,48985,0,1,0
10486,1948,Bachelor,Married,77142,0,0,0
2410,1969,Bachelor,Single,81657,0,0,0
193,1996,Middle or High school,Married,14421,0,0,0
3363,1974,Primary School or less,Married,20130,0,0,0
8278,1990,PhD,Married,74214,0,0,0
10660,1957,Master,Married,66726,1,1,0
1604,1960,Master,Married,47353,0,1,0
5907,1952,Master,Married,33444,1,1,0
10669,1981,Bachelor,Married,54386,0,1,0
5735,1991,Master,Single,90638,0,0,0
8387,1957,Bachelor,Married,43140,0,1,0
3839,1958,Middle or High school,Single,15056,1,1,0
9392,1971,Bachelor,Single,26954,1,0,0
2292,1985,Bachelor,Single,22327,1,0,0
10466,1965,Bachelor,Married,44393,1,1,0
9855,1952,PhD,Single,62000,0,1,0
5231,1974,Primary School or less,Married,45894,0,2,0
3515,1952,Bachelor,Single,62307,0,1,0
2245,1969,Master,Married,43641,1,1,0
2246,1965,Primary School or less,Married,46891,0,1,0
6606,1969,Master,Married,70091,1,0,0
5545,1972,PhD,Married,78075,0,0,0
837,1977,Bachelor,Married,54809,1,1,0
9500,1959,Bachelor,Married,58113,0,1,0
3602,1958,Master,Married,51412,0,1,0
1118,1956,Master,Married,50965,0,1,0
7789,1965,PhD,Married,84618,0,0,0
3068,1990,Bachelor,Married,18351,0,0,0
3439,1972,Bachelor,Married,56721,1,1,0
1506,1975,Bachelor,Single,42160,1,1,1
232,1965,Bachelor,Single,61559,0,1,0
9739,1963,Bachelor,Single,34377,0,1,0
10395,1986,Middle or High school,Single,8940,1,0,0
1176,1973,Bachelor,Married,26228,1,0,0
938,1981,Bachelor,Married,40211,1,1,0
257,1959,PhD,Married,75032,0,1,0
4058,1955,PhD,Single,61284,0,0,0
7736,1986,Bachelor,Married,22518,1,0,1
8210,1975,Master,Married,54730,0,1,0
833,1955,Master,Married,38452,1,1,0
843,1971,Bachelor,Married,64722,1,0,0
6918,1989,Bachelor,Married,28691,1,0,0
286,1952,Bachelor,Single,44213,1,1,0
11086,1984,Middle or High school,Single,25707,1,0,0
1921,1967,PhD,Married,59062,2,1,0
4138,1962,Bachelor,Single,76624,0,1,0
4136,1992,Middle or High school,Single,7500,1,0,0
10833,1975,Bachelor,Married,65106,0,1,0
9606,1965,PhD,Married,69969,0,0,1
8534,1952,Bachelor,Married,67433,0,2,0
5153,1967,PhD,Married,77766,0,1,1
961,1972,Bachelor,Married,74716,0,1,0
6653,1970,PhD,Married,55158,1,1,1
9094,1955,Primary School or less,Married,62972,0,1,1
810,1975,Bachelor,Married,74190,0,1,0
5493,1976,Bachelor,Married,39356,1,1,0
8147,1960,Bachelor,Married,31454,1,1,0
1857,1952,Bachelor,Single,47139,1,1,1
5207,1963,PhD,Married,53378,1,1,1
5429,1948,PhD,Married,45579,0,1,0
9400,1958,Primary School or less,Single,85485,0,0,0
1740,1944,Bachelor,Married,55956,0,0,0
7488,1963,Master,Single,64191,0,1,0
195,1972,Bachelor,Single,38808,1,0,1
635,1966,Master,Married,57183,1,1,0
10319,1971,Bachelor,Married,66303,0,1,0
2296,1975,Master,Married,37368,1,0,0
10637,1964,Bachelor,Married,40800,1,2,0
907,1975,Bachelor,Married,46149,0,1,0
679,1957,PhD,Married,37633,1,1,0
5043,1951,Middle or High school,Married,26997,0,0,0
339,1972,PhD,Married,57091,0,1,1
2516,1969,Primary School or less,Married,46831,1,1,0
9010,1972,Master,Married,83151,0,0,1
378,1971,Bachelor,Married,52531,0,0,0
4808,1956,Bachelor,Married,15759,0,0,0
5068,1971,Bachelor,Single,22804,1,0,0
7628,1973,Primary School or less,Married,43050,1,0,0
7128,1977,PhD,Single,42997,1,1,0
2811,1963,PhD,Single,48918,1,1,0
1577,1946,Bachelor,Married,78569,0,0,1
10641,1978,Bachelor,Single,7500,1,1,0
1878,1985,Primary School or less,Married,23148,0,0,0
6055,1979,Bachelor,Married,71626,0,0,0
4394,1965,PhD,Married,81051,0,0,0
5758,1982,Bachelor,Married,65169,0,0,1
4603,1960,PhD,Married,65695,0,1,0
8427,1956,Master,Single,64857,0,0,0
8789,1989,Primary School or less,Married,59060,1,0,0
6197,1962,PhD,Single,27238,1,1,0
4937,1973,Primary School or less,Married,46094,1,1,0
1920,1972,Bachelor,Married,40321,1,1,0
1650,1960,Master,Married,81843,0,0,0
10971,1977,Bachelor,Single,37774,2,0,1
6398,1974,Middle or High school,Married,18393,1,0,0
9212,1962,Master,Married,72828,0,1,0
7937,1982,Bachelor,Married,24711,0,0,0
839,1975,PhD,Married,45503,1,0,0
4246,1982,Master,Single,6560,0,0,0
4832,1979,Bachelor,Married,27244,1,0,0
5621,1969,Bachelor,Married,48752,1,1,1
1945,1962,Bachelor,Married,71434,0,1,0
5147,1948,Bachelor,Single,90842,0,0,0
2535,1978,Master,Married,88097,1,0,1
11039,1975,Bachelor,Married,51948,0,1,0
9635,1983,Master,Married,35876,0,0,0
942,1982,Bachelor,Single,39660,1,0,1
5510,1977,Master,Married,43263,0,1,0
873,1949,Master,Married,62845,1,1,1
2253,1990,Bachelor,Married,18929,0,0,0
5181,1982,Middle or High school,Single,24367,1,0,0
979,1975,Bachelor,Single,33249,1,0,0
10390,1959,Primary School or less,Married,26887,0,1,0
4698,1983,PhD,Married,50150,0,0,0
5080,1993,Bachelor,Single,70515,0,0,1
5232,1965,Bachelor,Married,69139,0,1,0
2407,1982,Bachelor,Married,69109,0,0,1
3834,1962,Bachelor,Single,69627,0,1,0
7912,1978,Bachelor,Married,38136,1,0,0
7712,1946,PhD,Single,62159,0,0,0
1065,1963,Bachelor,Single,80695,0,0,0
7275,1971,Master,Single,33316,1,1,0
1384,1992,Middle or High school,Married,17256,1,0,0
2674,1958,Master,Single,75154,0,1,1
2698,1976,Bachelor,Single,47025,0,1,0
3231,1973,Bachelor,Married,37971,1,0,0
10476,1958,Bachelor,Married,67267,0,1,0
5948,1975,Bachelor,Single,57338,0,1,0
10258,1965,Master,Single,35791,2,1,0
4743,1969,PhD,Married,56242,0,1,0
8805,1960,Bachelor,Single,48904,0,1,0
1542,1975,Bachelor,Single,56243,1,2,0
6770,1985,Bachelor,Married,21355,1,0,1
4345,1964,Primary School or less,Single,,1,1,0
793,1973,Bachelor,Married,20895,1,0,0
10909,1948,Bachelor,Married,92344,0,0,0
8216,1972,Master,Married,53761,1,1,0
5289,1975,Primary School or less,Single,41658,1,1,0
2587,1972,PhD,Married,29791,1,0,0
4405,1956,Master,Married,63915,0,2,0
10490,1969,PhD,Married,51039,1,1,0
4094,1961,Bachelor,Married,60544,1,1,0
9958,1972,Bachelor,Married,65685,0,1,0
2534,1953,Bachelor,Married,37716,0,1,0
4188,1957,Bachelor,Single,36864,0,1,1
6613,1970,Master,Married,44511,1,0,0
10827,1967,PhD,Married,36947,1,1,0
8402,1953,Master,Married,67087,0,1,0
8783,1950,Bachelor,Married,57045,0,1,0
618,1977,PhD,Married,69389,0,1,0
9121,1972,Bachelor,Married,80134,1,0,1
361,1969,Master,Married,43142,1,1,0
4310,1944,Bachelor,Married,80589,0,0,1
2678,1990,Bachelor,Single,34412,1,0,0
6376,1979,Bachelor,Single,57537,1,0,0
5654,1972,Bachelor,Married,36026,2,1,0
4098,1973,Bachelor,Married,24639,1,1,0
7000,1972,Primary School or less,Single,65704,0,0,0
2561,1966,Bachelor,Single,63810,0,1,0
4086,1959,Bachelor,Married,18690,0,0,0
2428,1970,Bachelor,Married,28164,1,0,0
8254,1974,PhD,Married,34596,1,0,0
2836,1972,PhD,Married,43269,1,0,0
8418,1958,Primary School or less,Single,38741,1,1,0
1362,1972,Bachelor,Single,31907,0,0,0
7152,1983,Master,Married,27100,1,0,0
9349,1985,Bachelor,Married,92533,0,0,0
274,1973,Bachelor,Single,34853,1,1,0
922,1979,Primary School or less,Married,31086,1,1,0
8588,1961,Bachelor,Married,60544,1,1,0
574,1964,Bachelor,Married,42523,0,0,0
3220,1983,Bachelor,Married,39922,1,0,0
1183,1949,Master,Married,36408,1,1,0
4682,1958,Bachelor,Married,51876,0,0,0
8204,1971,Primary School or less,Married,78041,0,0,0
5221,1957,Bachelor,Married,52852,0,1,0
6652,1965,Bachelor,Married,77343,0,0,0
6246,1953,Bachelor,Single,73892,0,0,1
5975,1967,PhD,Single,40304,1,0,0
10133,1970,Bachelor,Single,93790,0,0,1
2525,1974,PhD,Married,38410,0,0,1
5074,1986,Master,Married,28072,1,0,0
4690,1953,Bachelor,Married,50725,0,1,0
7196,1950,PhD,Married,41145,1,1,0
9672,1970,Primary School or less,Married,23162,1,1,0
4864,1977,Bachelor,Married,34380,1,0,0
4706,1966,Bachelor,Single,34704,0,1,0
4070,1969,PhD,Married,94871,0,2,1
25,1958,Bachelor,Married,65148,0,1,0
217,1956,Master,Single,64857,0,0,0
4220,1970,PhD,Married,59892,0,1,0
5286,1987,Master,Single,41020,0,0,0
9559,1961,PhD,Married,57072,0,1,0
2849,1979,Bachelor,Single,60474,0,1,0
5868,1980,Bachelor,Married,19107,1,0,0
9988,1976,Master,Single,70379,0,1,0
9743,1955,Bachelor,Married,76998,0,1,0
3478,1971,PhD,Married,60585,1,1,1
2005,1990,Bachelor,Married,35765,1,0,0
10770,1959,Bachelor,Married,65492,0,0,0
6318,1988,Bachelor,Married,68487,0,0,0
3340,1977,Bachelor,Married,42014,1,0,1
3594,1973,Master,Married,54108,1,1,0
3584,1955,PhD,Single,49667,0,0,1
3643,1974,Master,Married,63206,0,0,0
851,1972,Master,Married,57136,1,1,0
3967,1971,PhD,Married,78931,0,0,0
486,1988,Bachelor,Married,84219,0,0,0
9,1975,Master,Single,46098,1,1,0
9451,1965,Bachelor,Married,73538,0,1,0
9264,1986,Bachelor,Married,79529,0,0,0
2853,1980,Bachelor,Single,51766,1,0,0
1490,1962,Bachelor,Married,55759,0,1,0
6310,1978,Bachelor,Married,33039,1,0,0
10380,1972,Master,Married,37787,1,0,0
3887,1970,Bachelor,Single,27242,1,0,1
4278,1983,PhD,Single,87188,0,0,1
1998,1976,Bachelor,Single,37697,1,0,0
10795,1973,PhD,Married,37401,1,0,0
11110,1973,Bachelor,Single,3502,1,0,0
2408,1976,Bachelor,Married,58597,1,1,0
830,1987,PhD,Single,74004,0,0,1
6050,1975,Primary School or less,Married,57036,0,1,0
3463,1975,PhD,Married,69283,0,1,0
2804,1975,Master,Single,46098,1,1,1
3745,1988,Primary School or less,Married,23331,1,0,0
9771,1988,Primary School or less,Single,23331,1,0,0
451,1989,Bachelor,Single,9255,1,0,0
1079,1971,PhD,Married,71969,0,1,0
8920,1967,Master,Single,59235,1,0,0
528,1978,Bachelor,Married,65819,0,0,0
73,1953,PhD,Single,51411,1,2,0
6365,1987,Primary School or less,Married,30390,0,0,0
5636,1963,Bachelor,Single,30983,0,0,1
2217,1975,Primary School or less,Married,37284,1,1,0
7725,1965,Primary School or less,Married,76800,0,0,0
8091,1956,Bachelor,Married,63943,0,1,0
5462,1974,Bachelor,Married,67445,0,1,0
7791,1967,Master,Married,37054,1,1,0
5424,1983,Bachelor,Married,39922,1,0,0
879,1976,Master,Married,49681,0,2,0
9530,1988,Bachelor,Married,24645,1,0,0
10699,1985,Bachelor,Married,44322,1,0,0
1497,1952,Bachelor,Single,47958,0,1,0
7476,1964,Master,Single,63972,0,1,0
10478,1950,PhD,Married,55517,1,1,1
1081,1957,PhD,Married,75283,1,2,0
4261,1946,PhD,Single,82800,0,0,1
9916,1954,Bachelor,Married,38998,1,1,0
5350,1991,Master,Single,90638,0,0,1
8135,1986,Master,Married,27161,1,0,0
8685,1977,Bachelor,Married,42014,1,0,1
8175,1992,Bachelor,Married,34935,0,0,0
6257,1976,Master,Single,60482,0,1,0
2471,1965,Bachelor,Married,61482,0,0,0
5892,1980,Bachelor,Married,34968,1,0,0
2612,1987,Bachelor,Married,75794,0,0,0
5185,1955,Bachelor,Married,74268,0,0,0
1131,1967,PhD,Single,52569,0,1,0
1041,1973,PhD,Single,48432,0,1,1
3409,1984,Bachelor,Single,36108,1,0,0
7022,1971,Bachelor,Married,76445,1,0,0
7943,1975,PhD,Married,36663,1,0,0
5272,1965,Master,Married,53843,0,1,0
5453,1956,Master,Married,90226,0,0,0
11092,1961,Bachelor,Married,27116,1,1,0
5062,1963,PhD,Married,54072,1,1,0
8969,1977,Bachelor,Married,71855,0,1,0
4656,1990,Primary School or less,Single,51250,1,0,0
4480,1973,Master,Married,60432,0,1,0
9971,1964,PhD,Married,65526,0,1,0
6729,1988,Bachelor,Single,68655,0,0,0
1773,1978,Primary School or less,Married,12393,0,0,0
9242,1990,Bachelor,Single,64509,0,0,1
1764,1975,Bachelor,Single,33955,1,0,0
6215,1977,Bachelor,Married,31353,1,1,1
10099,1984,Bachelor,Married,55434,1,0,0
940,1987,Bachelor,Single,57100,1,0,0
3011,1965,Bachelor,Married,69139,0,1,0
3298,1956,Master,Married,52973,0,1,0
9668,1971,Bachelor,Married,18793,1,0,0
6097,1959,Bachelor,Single,50664,1,1,0
7408,1952,PhD,Married,54549,0,1,0
3783,1959,PhD,Married,52854,1,1,0
3427,1955,PhD,Married,59821,0,1,0
10711,1945,Bachelor,Married,69755,0,0,0
10785,1969,Bachelor,Married,44078,1,1,0
5177,1974,Master,Married,58494,0,1,0
7005,1981,Bachelor,Single,58684,0,0,0
8079,1982,Bachelor,Married,22448,1,0,0
8395,1961,Bachelor,Single,82014,0,0,1
1834,1978,Master,Single,35544,1,0,0
2295,1954,PhD,Married,62670,0,1,0
2781,1981,Bachelor,Single,72066,0,0,1
1165,1958,PhD,Single,50729,1,1,0
2639,1966,Bachelor,Single,43602,1,1,0
8299,1989,PhD,Single,33996,0,0,0
6437,1985,Primary School or less,Single,41473,1,0,0
6912,1967,PhD,Married,63246,0,2,0
7327,1959,PhD,Married,36732,1,1,0
5299,1970,PhD,Married,69084,1,0,0
4127,1967,PhD,Married,77766,0,1,1
8143,1985,PhD,Single,37929,0,0,1
3690,1986,Master,Married,80141,0,0,1
3433,1955,Primary School or less,Married,72635,0,0,0
3389,1970,Bachelor,Married,69016,0,1,0
1170,1975,Bachelor,Married,27573,1,0,0
6347,1979,Middle or High school,Single,15862,1,0,0
4065,1976,PhD,Married,49544,1,0,0
8230,1980,Bachelor,Married,33228,1,0,0
2156,1955,PhD,Married,22554,1,1,0
7788,1983,PhD,Married,23536,1,0,0
10323,1952,Bachelor,Married,49413,0,1,0
7947,1969,Bachelor,Married,42231,1,1,0
9256,1971,Bachelor,Single,58350,0,1,0
295,1989,Bachelor,Single,81217,0,0,0
7397,1951,Bachelor,Single,49090,0,1,0
10790,1985,PhD,Married,18169,1,0,0
10398,1981,Primary School or less,Single,24336,1,0,0
2431,1990,Bachelor,Married,18222,0,0,0
10742,1983,PhD,Married,86580,0,0,0
8852,1976,Bachelor,Married,61064,0,1,0
3565,1955,Master,Married,38452,1,1,0
5294,1989,Bachelor,Single,18358,1,0,0
8799,1984,PhD,Married,38175,1,0,0
7732,1978,Bachelor,Married,64813,1,0,0
8070,1973,PhD,Married,54222,0,1,0
477,1986,Bachelor,Married,83512,0,0,1
7832,1959,Master,Married,77520,0,1,1
7396,1966,Bachelor,Married,80398,0,0,0
4055,1992,Middle or High school,Single,18746,1,0,0
10091,1956,Bachelor,Single,60230,0,1,0
7629,1977,Bachelor,Married,22108,1,1,0
3498,1976,PhD,Married,55424,0,1,1
6742,1979,Bachelor,Married,17688,1,0,0
1172,1983,PhD,Married,92491,0,0,1
569,1991,Bachelor,Single,90273,0,0,1
1381,1982,PhD,Single,38513,1,0,1
2634,1979,Master,Single,16653,1,0,1
1744,1965,Middle or High school,Single,23529,0,1,0
3828,1951,Bachelor,Married,71107,0,1,0
10304,1959,Bachelor,Married,18690,0,0,0
2499,1958,Primary School or less,Single,75342,0,1,0
7500,1967,Bachelor,Single,79146,1,1,0
5796,1963,Bachelor,Married,77437,0,0,0
10556,1959,Bachelor,Married,54984,0,1,0
1064,1971,PhD,Married,42403,1,0,0
263,1945,PhD,Single,45576,0,0,1
9292,1952,Bachelor,Married,81795,0,0,0
7881,1946,Master,Married,66835,0,0,0
737,1949,PhD,Married,80360,0,0,0
7807,1974,Bachelor,Married,44989,0,1,0
3878,1980,Primary School or less,Single,31859,1,0,0
5394,1979,Middle or High school,Single,16014,1,1,0
3798,1968,Bachelor,Married,41120,1,1,0
3524,1971,Master,Single,39763,1,0,1
5247,1955,PhD,Married,38725,1,1,0
5883,1972,Bachelor,Married,77981,1,0,0
2118,1964,Primary School or less,Married,62905,0,1,0
2797,1977,Bachelor,Married,72117,0,1,0
4328,1986,Primary School or less,Married,21955,1,0,0
9167,1956,Bachelor,Married,67131,0,1,0
10560,1980,PhD,Single,36802,1,0,0
8312,1961,Middle or High school,Married,28249,0,0,0
5534,1975,Master,Married,47808,0,1,0
7592,1946,PhD,Married,51012,0,0,0
8895,1985,Bachelor,Single,70596,0,0,0
2694,1967,Bachelor,Married,42664,0,1,0
7433,1985,Bachelor,Single,29760,1,0,0
164,1977,PhD,Married,28973,0,0,0
2681,1984,Primary School or less,Married,65370,0,0,0
5150,1979,Middle or High school,Single,20194,1,0,0
5283,1976,PhD,Single,42473,1,1,0
9645,1968,Bachelor,Married,64590,0,0,0
9648,1967,Bachelor,Single,46904,1,1,0
2870,1973,Bachelor,Married,49094,0,1,0
9150,1963,PhD,Single,48918,1,1,0
1250,1976,Bachelor,Single,37697,1,0,0
10691,1960,Master,Married,28520,1,1,0
7002,1955,Bachelor,Single,62535,0,1,0
2952,1977,Master,Single,36273,1,0,0
4168,1966,Bachelor,Single,37070,1,1,1
8397,1951,Bachelor,Married,44689,1,1,0
6237,1966,PhD,Single,7144,0,2,0
3130,1964,Bachelor,Single,18701,1,1,0
1619,1956,Bachelor,Married,90369,0,0,1
1990,1974,PhD,Single,63159,0,0,0
269,1963,PhD,Single,46757,0,1,0
8093,1969,Master,Married,79734,0,0,0
10057,1951,Bachelor,Single,72282,0,0,1
10307,1956,Bachelor,Married,50387,0,2,0
8334,1971,Master,Single,33316,1,1,0
9166,1968,Bachelor,Married,63967,0,1,0
78,1969,Bachelor,Married,25293,1,0,0
4687,1958,Master,Married,80739,0,0,0
6859,1987,Bachelor,Single,29236,1,0,0
7129,1962,PhD,Married,54693,0,1,0
10521,1977,Bachelor,Married,54809,1,1,1
7849,1970,PhD,Married,80336,0,0,0
332,1957,Bachelor,Married,47743,0,1,0
9847,1955,Primary School or less,Married,62972,0,1,0
7872,1975,PhD,Married,86836,0,0,1
9931,1963,PhD,Married,4023,1,1,0
10595,1990,Bachelor,Married,30093,0,0,0
4609,1966,PhD,Married,57705,0,1,0
5010,1988,Bachelor,Single,25008,1,0,0
4427,1995,Primary School or less,Single,83257,0,0,1
1168,1978,PhD,Married,72159,0,0,0
10163,1984,PhD,Single,82733,0,0,1
6710,1951,Master,Single,58217,2,1,0
9029,1972,PhD,Married,70116,0,0,0
1459,1966,PhD,Married,69063,0,1,0
1630,1979,Bachelor,Single,61825,0,1,0
3254,1971,Bachelor,Married,70886,1,0,0
9064,1982,Bachelor,Married,69109,0,0,1
9467,1984,Bachelor,Single,34738,1,0,0
3722,1972,Bachelor,Single,44503,1,1,0
6715,1948,PhD,Single,60200,0,1,0
9612,1987,Primary School or less,Single,23830,0,0,0
1399,1958,Bachelor,Married,72905,0,0,0
3074,1984,PhD,Married,70643,0,0,1
8341,1969,PhD,Married,30396,1,0,1
6461,1969,Master,Single,62772,0,1,0
7679,1985,PhD,Single,30298,0,0,0
10702,1984,Bachelor,Single,52413,1,0,0
7505,1957,PhD,Married,44155,1,1,0
2961,1982,Bachelor,Married,42081,1,0,0
2747,1988,PhD,Married,67546,0,0,0
5790,1985,Bachelor,Married,31158,1,0,0
1743,1974,Bachelor,Single,69719,0,0,0
5558,1954,PhD,Single,90933,0,0,0
4619,1945,PhD,Single,113734,0,0,0
10789,1964,PhD,Married,45759,1,1,0
10779,1983,Bachelor,Single,22148,0,0,0
5896,1987,Master,Married,73395,0,0,0
10951,1968,Bachelor,Married,45688,0,1,0
544,1954,Bachelor,Married,62820,0,0,0
17,1971,PhD,Married,60491,0,1,0
3265,1959,Bachelor,Married,35701,0,0,0
5623,1980,Master,Married,31535,1,0,0
5544,1970,Bachelor,Single,67384,0,1,0
5831,1967,Bachelor,Married,77870,0,1,1
10176,1968,Bachelor,Single,57107,0,1,1
2326,1990,Bachelor,Married,18929,0,0,0
4385,1981,PhD,Single,36038,1,0,0
2929,1976,Bachelor,Single,20180,0,0,0
2546,1977,Primary School or less,Single,31878,0,1,0
3283,1972,Primary School or less,Married,70932,0,1,0
3138,1956,Bachelor,Single,91249,0,0,1
4994,1943,Master,Single,77598,0,0,0
7966,1959,Bachelor,Single,80982,1,1,0
3112,1977,Master,Married,22701,1,0,0
10872,1969,PhD,Married,55212,0,1,0
2181,1970,Bachelor,Married,70617,0,0,0
1867,1957,Bachelor,Single,64849,0,0,1
1518,1965,Master,Married,62694,1,1,0
5734,1974,PhD,Married,61917,1,1,0
2878,1947,PhD,Married,67472,0,1,0
1458,1982,Master,Married,21059,1,0,0
7007,1968,Master,Married,29543,2,0,0
6200,1951,Bachelor,Married,75903,0,1,0
4827,1956,PhD,Single,54998,0,1,1
9291,1959,Master,Married,34242,0,1,0
2478,1973,Bachelor,Married,25410,1,0,0
1139,1984,PhD,Married,73356,0,0,1
5393,1977,Bachelor,Single,23763,1,0,0
10413,1984,Bachelor,Married,72570,0,0,0
5015,1976,Master,Married,34529,1,0,0
10676,1982,Bachelor,Married,63211,0,0,1
2495,1974,Master,Married,83891,0,1,0
7842,1968,Bachelor,Single,36065,1,1,0
6663,1940,PhD,Single,51141,0,0,0
2162,1976,Bachelor,Married,56939,0,1,0
3434,1951,Bachelor,Single,80872,0,0,0
5626,1964,PhD,Single,61798,0,0,0
10448,1956,Bachelor,Single,46998,0,1,0
2109,1990,Bachelor,Single,96843,0,0,1
8925,1965,Master,Married,70053,0,1,0
6355,1978,Bachelor,Married,44359,1,1,0
3517,1952,Bachelor,Single,40887,1,1,1
4338,1983,Bachelor,Single,39062,1,0,0
9507,1975,Bachelor,Married,40794,0,1,0
8360,1971,Primary School or less,Married,54690,1,1,0
10311,1969,Bachelor,Married,4428,0,1,0
5117,1963,Primary School or less,Married,32632,0,0,0
4867,1968,PhD,Single,38236,1,1,0
9289,1979,Bachelor,Married,36781,1,0,1
10913,1984,Master,Single,31385,1,0,1
3032,1984,Bachelor,Married,24570,1,0,0
3334,1951,Bachelor,Married,94642,0,0,0
4470,1962,Master,Married,58646,0,1,0
1406,1975,Bachelor,Single,53201,1,1,0
10821,1978,Bachelor,Married,57113,1,1,0
4552,1991,Bachelor,Married,51373,0,0,0
898,1986,Bachelor,Married,23477,1,0,0
9797,1956,Bachelor,Married,58116,0,1,0
8212,1971,Master,Married,39791,0,1,0
6248,1947,Master,Single,91712,0,0,1
10164,1958,Bachelor,Single,94472,0,1,0
6815,1980,Primary School or less,Married,96547,0,0,1
4122,1975,Bachelor,Married,79205,0,0,1
5370,1973,PhD,Married,32644,1,0,0
176,1980,Primary School or less,Single,67506,0,1,0
4860,1970,Bachelor,Single,24206,1,0,0
4023,1970,Bachelor,Married,22979,1,0,1
6679,1966,Bachelor,Single,33279,0,0,0
9923,1972,Master,Single,46423,1,1,0
7181,1977,Bachelor,Married,30368,0,1,0
3599,1970,Bachelor,Married,63684,0,1,0
3657,1986,Bachelor,Single,39146,1,0,0
1951,1981,Middle or High school,Married,34445,0,0,0
3262,1958,Bachelor,Single,68281,0,0,1
4102,1975,Primary School or less,Married,37284,1,1,0
7042,1983,Bachelor,Married,36790,0,0,1
6214,1982,Master,Married,43815,1,0,0
4954,1956,Bachelor,Married,48195,1,1,0
7861,1952,Master,Married,77027,0,1,0
4837,1965,PhD,Married,71322,0,1,0
9423,1979,Master,Married,32765,1,0,0
3799,1955,Bachelor,Married,67225,0,1,0
8625,1976,Bachelor,Married,17649,1,0,0
983,1984,Bachelor,Married,40059,1,0,0
4786,1977,Bachelor,Married,75330,1,1,0
5872,1951,Bachelor,Single,60689,0,1,0
6568,1984,Bachelor,Married,38680,1,0,0
5631,1991,Bachelor,Single,49767,0,0,0
4974,1970,Bachelor,Single,83273,1,2,0
8416,1981,Bachelor,Married,29009,1,0,0
5454,1979,Master,Married,45057,1,0,0
4095,1971,Bachelor,Married,37150,1,0,0
5474,1970,Bachelor,Single,43020,1,0,0
4268,1959,Bachelor,Married,53154,0,1,0
10701,1973,Bachelor,Married,65308,0,0,0
3507,1970,Bachelor,Single,76467,1,0,1
2079,1947,Primary School or less,Married,81044,0,0,0
626,1951,Bachelor,Married,32871,1,1,0
4426,1975,Bachelor,Single,55801,1,1,0
10509,1955,Master,Single,36927,1,1,0
6673,1965,Bachelor,Single,23478,0,0,0
10061,1950,Bachelor,Married,59462,0,1,0
1612,1981,PhD,Single,,1,0,0
10897,1974,Bachelor,Married,67445,0,1,0
6103,1948,Bachelor,Married,42192,0,0,0
7899,1952,PhD,Married,77610,0,1,0
10500,1984,Bachelor,Married,31761,1,0,0
2712,1956,Bachelor,Married,71866,0,1,0
5517,1969,Bachelor,Married,25293,1,0,0
10643,1987,PhD,Single,42000,0,0,1
2254,1983,Bachelor,Married,69520,0,0,0
6958,1977,Master,Married,27889,1,0,0
5079,1971,Bachelor,Married,,1,1,0
4643,1973,Bachelor,Married,27803,1,0,0
3117,1955,Bachelor,Single,,0,1,0
6497,1960,Bachelor,Married,51651,0,1,0
5396,1988,Bachelor,Married,68487,0,0,0
1052,1969,Bachelor,Married,56796,0,1,0
2802,1992,Primary School or less,Married,87000,0,0,0
6343,1959,Bachelor,Married,79823,0,1,0
6507,1980,Bachelor,Single,30828,1,0,0
7901,1971,Master,Married,34109,0,1,0
11031,1950,PhD,Married,48699,1,1,0
975,1956,Bachelor,Single,54252,1,1,0
1103,1976,Master,Married,81929,1,0,1
3422,1975,Bachelor,Married,76068,0,1,0
1055,1976,Master,Married,53204,1,1,0
1241,1984,Primary School or less,Married,14796,1,0,1
2909,1974,PhD,Married,78128,0,1,0
5802,1972,Middle or High school,Married,14188,0,0,0
1407,1986,Middle or High school,Married,20425,1,0,0
6183,1962,Master,Married,58646,0,1,0
5991,1949,Master,Married,48150,0,1,0
3104,1961,Bachelor,Single,82332,0,0,1
1916,1954,Master,Married,45736,0,1,0
87,1981,Primary School or less,Married,27733,1,0,0
6262,1962,Master,Single,72217,0,0,0
7532,1980,Bachelor,Married,43586,0,1,0
4915,1956,Primary School or less,Married,53230,0,1,0
2493,1966,Bachelor,Married,61286,0,1,0
6292,1986,PhD,Married,82333,0,0,1
3919,1976,Master,Single,72309,0,0,1
11181,1949,PhD,Married,156924,0,0,0
642,1980,Middle or High school,Married,16005,1,0,0
10127,1965,Bachelor,Married,58692,0,1,0
4973,1970,Bachelor,Single,20587,1,0,0
9216,1971,Bachelor,Married,35788,1,1,0
9727,1957,Bachelor,Married,23539,0,0,0
5136,1973,Bachelor,Single,65333,0,1,0
9790,1957,Bachelor,Single,78499,0,0,1
10609,1962,PhD,Married,42769,0,1,0
6950,1958,Master,Married,49572,1,1,0
7233,1972,Bachelor,Married,69209,0,0,0
9481,1976,Bachelor,Married,17148,1,0,0
8933,1983,Primary School or less,Married,32146,1,0,0
5186,1955,PhD,Married,58482,0,1,0
10157,1965,Bachelor,Single,59686,0,1,0
5667,1964,PhD,Married,60896,0,1,1
7600,1992,Middle or High school,Single,15253,1,0,0
9706,1974,PhD,Single,31560,1,0,0
3520,1990,Master,Single,91172,0,0,1
10394,1984,Bachelor,Married,90000,0,0,0
4548,1981,Bachelor,Single,41967,1,1,0
9362,1965,Bachelor,Single,69263,0,1,0
6721,1951,Bachelor,Married,71965,0,1,0
2829,1955,Bachelor,Married,65210,0,1,0
1772,1975,PhD,Married,79174,0,0,1
4377,1971,Bachelor,Married,52914,0,1,0
1321,1974,Bachelor,Married,26067,1,0,0
8858,1972,PhD,Married,44325,0,1,0
3266,1964,Bachelor,Married,42523,0,0,0
11187,1978,Middle or High school,Single,26487,1,0,0
8207,1957,Primary School or less,Married,53233,0,1,0
9723,1960,Bachelor,Married,67716,0,1,0
2666,1972,Master,Married,76234,0,1,0
5721,1956,PhD,Married,84117,0,0,0
1646,1972,Middle or High school,Married,25224,1,0,0
4418,1983,Master,Single,89616,0,0,1
7990,1947,Bachelor,Married,27469,0,0,0
8722,1957,Primary School or less,Married,82347,0,0,1
7118,1957,Bachelor,Married,73803,0,1,1
2980,1952,Master,Single,8820,1,1,0
1839,1974,Bachelor,Single,43322,0,0,0
2632,1954,Bachelor,Married,50501,1,1,1
9014,1975,Bachelor,Married,37085,1,1,0
7620,1990,Middle or High school,Single,16185,1,0,0
10968,1969,Bachelor,Single,57731,0,1,0
2736,1978,Bachelor,Married,73807,0,1,0
1876,1990,Bachelor,Married,18929,0,0,0
5959,1968,Bachelor,Single,35893,1,1,0
1092,1980,Bachelor,Married,61014,0,1,0
3661,1995,Primary School or less,Single,80617,0,0,0
9303,1976,Bachelor,Married,5305,0,1,0
6261,1979,Bachelor,Married,58025,0,1,0
7366,1982,Master,Single,75777,0,0,1
1448,1963,Master,Married,33562,1,2,0
4286,1970,PhD,Single,57642,0,1,0
4478,1979,Bachelor,Married,63777,1,1,0
4201,1962,Bachelor,Single,57967,0,1,0
10084,1972,Bachelor,Married,24434,2,0,0
7004,1984,Bachelor,Single,11012,1,0,0
9817,1970,Master,Single,44802,0,0,0
8080,1986,Bachelor,Single,26816,0,0,0
8372,1974,Bachelor,Married,34421,1,0,0
10870,1967,Bachelor,Married,61223,0,1,0
9405,1954,PhD,Married,52869,1,1,1
